{
  "good_group": [
    "btc",
    "sol",
    "eth",
    "xrp",
    "bnb",
    "doge",
    "aave"
  ],
  "bad_coins": [
    "ltc",
    "pepe",
    "pengu",
    "wif",
    "bonk",
    "shib",
    "jup",
    "ondo",
    "kaito",
    "crv",
    "uni",
    "jto",
    "virtual",
    "ldo",
    "s",
    "ada",
    "op",
    "sui",
    "bera",
    "avax",
    "near",
    "ip",
    "ton",
    "arb",
    "tia",
    "dot",
    "xlm",
    "tao",
    "pyth",
    "w",
    "hbar",
    "fartcoin",
    "hype",
    "link"
  ],
  "all_coins": [
    "btc",
    "sol",
    "eth",
    "xrp",
    "bnb",
    "doge",
    "aave",
    "ltc",
    "pepe",
    "pengu",
    "wif",
    "bonk",
    "shib",
    "jup",
    "ondo",
    "kaito",
    "crv",
    "uni",
    "jto",
    "virtual",
    "ldo",
    "s",
    "ada",
    "op",
    "sui",
    "bera",
    "avax",
    "near",
    "ip",
    "ton",
    "arb",
    "tia",
    "dot",
    "xlm",
    "tao",
    "pyth",
    "w",
    "hbar",
    "fartcoin",
    "hype",
    "link"
  ],
  "last_updated": 1760565446.5116196,
  "description": "bp-4 关注币种配置"
}