{
  "account_ids": [
    0,
    4,
    3
  ],
  "cexes": [
    "bp",
    "bp",
    "bp"
  ],
  "leverages": [
    1.4270499987245524,
    1.403380951166242,
    1.462
  ],
  "start_balances": [
    4784.77,
    2004.21,
    5051.34
  ],
  "balances": [
    4764.367066254376,
    1993.6845391067204,
    5024.8546117272
  ],
  "add_times": [
    0,
    0,
    0
  ],
  "reduce_times": [
    0,
    0,
    0
  ],
  "max_leverages": [
    5.88,
    5.88,
    5.88
  ],
  "min_leverages": [
    0.28,
    0.28,
    0.28
  ],
  "add_position_rates": [
    0.00388,
    0.00388,
    0.00388
  ],
  "reduce_position_rates": [
    0.00188,
    0.00188,
    0.00188
  ],
  "description": "马丁对冲网格策略配置 - 支持断点续传",
  "need_to_init": [
    false,
    false,
    false
  ],
  "need_to_reset_base_balance": [
    false,
    false,
    false
  ],
  "change_position_ratio_once": [
    0,
    0,
    0
  ]
}