{
  "account_ids": [
    0
  ],
  "cexes": [
    "bp"
  ],
  "leverages": [
    1
  ],
  "start_balances": [
    5000
  ],
  "balances": [
    4997.4862357752
  ],
  "add_times": [
    0
  ],
  "reduce_times": [
    0
  ],
  "max_leverages": [
    1.88
  ],
  "min_leverages": [
    0.18
  ],
  "add_position_rates": [
    0.1
  ],
  "reduce_position_rates": [
    0.1
  ],
  "description": "渐进式对冲网格策略配置 - 支持断点续传",
  "need_to_init": [
    false
  ],
  "need_to_reset_base_balance": [
    false
  ],
  "change_position_ratio_once": [
    0
  ]
}