{
  "good_group": [
    "btc",
    "eth",
    "bnb",
    "xrp",
    "sol",
    "hype",
    "aave"
  ],
  "all_rate": [
    4.0,
    1.0,
    1.0,
    1.0,
    1.0,
    1.0,
    1.0
  ],
  "bad_coins": [
    "apt",
    "trx",
    "doge",
    "ada",
    "link",
    "xlm",
    "bch",
    "sui",
    "avax",
    "hbar",
    "ltc",
    "shib",
    "ton",
    "cro",
    "dot",
    "uni",
    "okb",
    "ena",
    "pepe",
    "near",
    "etc",
    "ondo",
    "aster",
    "xaut",
    "pol",
    "wld",
    "ip",
    "arb",
    "icp",
    "algo",
    "atom",
    "sky",
    "pengu",
    "pump",
    "render",
    "bonk",
    "jup",
    "fil",
    "imx",
    "morpho",
    "tia",
    "inj",
    "ldo",
    "op",
    "stx",
    "crv",
    "floki",
    "xpl",
    "grt",
    "pyth",
    "s",
    "xtz",
    "iota",
    "cfx",
    "ethfi",
    "theta",
    "pendle",
    "strk",
    "wif",
    "sand",
    "gala",
    "snx",
    "ens",
    "ray",
    "mana",
    "flow",
    "jto",
    "eigen",
    "neo",
    "ape",
    "w",
    "comp",
    "merl",
    "chz",
    "egld",
    "bat",
    "zk",
    "axs",
    "dydx",
    "ar",
    "kaito",
    "bera",
    "linea",
    "1inch",
    "move",
    "qtum",
    "zro",
    "cvx",
    "tao",
    "fartcoin",
    "soon",
    "aero",
    "2z"
  ],
  "bad_rate": [
    1.0,
    1.0,
    1.0,
    1.0,
    1.0,
    1.0,
    1.0,
    1.0,
    1.0,
    1.0,
    1.0,
    1.0,
    1.0,
    1.0,
    1.0,
    1.0,
    1.0,
    1.0,
    1.0,
    1.0,
    1.0,
    1.0,
    1.0,
    1.0,
    1.0,
    1.0,
    1.0,
    1.0,
    1.0,
    1.0,
    1.0,
    1.0,
    1.0,
    1.0,
    1.0,
    1.0,
    1.0,
    1.0,
    1.0,
    1.0,
    1.0,
    1.0,
    1.0,
    1.0,
    1.0,
    1.0,
    1.0,
    1.0,
    1.0,
    1.0,
    1.0,
    1.0,
    1.0,
    1.0,
    1.0,
    1.0,
    1.0,
    1.0,
    1.0,
    1.0,
    1.0,
    1.0,
    1.0,
    1.0,
    1.0,
    1.0,
    1.0,
    1.0,
    1.0,
    1.0,
    1.0,
    1.0,
    1.0,
    1.0,
    1.0,
    1.0,
    1.0,
    1.0,
    1.0,
    1.0,
    1.0,
    1.0,
    1.0,
    1.0,
    1.0,
    1.0,
    1.0,
    1.0,
    1.0,
    1.0,
    0.5,
    0.5,
    0.5
  ],
  "all_coins": [
    "btc",
    "eth",
    "bnb",
    "xrp",
    "sol",
    "hype",
    "aave",
    "apt",
    "trx",
    "doge",
    "ada",
    "link",
    "xlm",
    "bch",
    "sui",
    "avax",
    "hbar",
    "ltc",
    "shib",
    "ton",
    "cro",
    "dot",
    "uni",
    "okb",
    "ena",
    "pepe",
    "near",
    "etc",
    "ondo",
    "aster",
    "xaut",
    "pol",
    "wld",
    "ip",
    "arb",
    "icp",
    "algo",
    "atom",
    "sky",
    "pengu",
    "pump",
    "render",
    "bonk",
    "jup",
    "fil",
    "imx",
    "morpho",
    "tia",
    "inj",
    "ldo",
    "op",
    "stx",
    "crv",
    "floki",
    "xpl",
    "grt",
    "pyth",
    "s",
    "xtz",
    "iota",
    "cfx",
    "ethfi",
    "theta",
    "pendle",
    "strk",
    "wif",
    "sand",
    "gala",
    "snx",
    "ens",
    "ray",
    "mana",
    "flow",
    "jto",
    "eigen",
    "neo",
    "ape",
    "w",
    "comp",
    "merl",
    "chz",
    "egld",
    "bat",
    "zk",
    "axs",
    "dydx",
    "ar",
    "kaito",
    "bera",
    "linea",
    "1inch",
    "move",
    "qtum",
    "zro",
    "cvx",
    "tao",
    "fartcoin",
    "soon",
    "aero",
    "2z"
  ],
  "last_updated": 1761135702.17294,
  "description": "okx-0 关注币种配置",
  "need_update": false
}