{
  "good_group": [
    "btc",
    "sol",
    "eth",
    "xrp",
    "bnb",
    "doge",
    "aave"
  ],
  "all_rate": [
    2.0,
    1.0,
    1.0,
    1.0,
    1.0,
    1.0,
    1.0
  ],
  "bad_coins": [
    "link",
    "wld",
    "apt",
    "pump",
    "pendle",
    "zora",
    "ltc",
    "trump",
    "pepe",
    "pengu",
    "wif",
    "bonk",
    "shib",
    "jup",
    "ondo",
    "kaito",
    "crv",
    "uni",
    "jto",
    "virtual",
    "ldo",
    "s",
    "ada",
    "op",
    "sui",
    "bera",
    "avax",
    "near",
    "ip",
    "ton",
    "arb",
    "tia",
    "dot",
    "xlm",
    "tao",
    "pyth",
    "w",
    "hbar",
    "fartcoin",
    "flock",
    "avnt",
    "ena",
    "xpl",
    "aster",
    "aero",
    "linea",
    "0g",
    "2z",
    "kmno",
    "mnt",
    "sei"
  ],
  "all_coins": [
    "btc",
    "sol",
    "eth",
    "xrp",
    "bnb",
    "doge",
    "aave",
    "link",
    "wld",
    "apt",
    "pump",
    "pendle",
    "zora",
    "ltc",
    "trump",
    "pepe",
    "pengu",
    "wif",
    "bonk",
    "shib",
    "jup",
    "ondo",
    "kaito",
    "crv",
    "uni",
    "jto",
    "virtual",
    "ldo",
    "s",
    "ada",
    "op",
    "sui",
    "bera",
    "avax",
    "near",
    "ip",
    "ton",
    "arb",
    "tia",
    "dot",
    "xlm",
    "tao",
    "pyth",
    "w",
    "hbar",
    "fartcoin",
    "flock",
    "avnt",
    "ena",
    "xpl",
    "aster",
    "aero",
    "linea",
    "0g",
    "2z",
    "kmno",
    "mnt",
    "hype",
    "sei"
  ],
  "last_updated": 1761191236.5110898,
  "description": "bp-4 关注币种配置",
  "need_update": false
}